Workbook

Sheet Resumo
A1: Resumo — Estimativa de Custo Mensal (Kinea Infra)
A2: Estimativa preliminar, baseada em premissas editáveis (ver aba Premissas). Atualizar assim que houver dado real de consumo do Databricks e da Azure OpenAI.
A4: Categoria | B4: Custo Mensal (USD) | C4: Custo Anual (USD)
A5: Databricks Compute | B5: =Detalhamento!C6 -> 37.8 | C5: =Detalhamento!D6 -> 453.6
A6: Azure OpenAI (NLP formal) | B6: =Detalhamento!C11 -> 6.912 | C6: =Detalhamento!D11 -> 82.944
A7: Armazenamento | B7: =Detalhamento!C15 -> 0.0016171875 | C7: =Detalhamento!D15 -> 0.01940625
A8: Outros (Key Vault, egress) | B8: =Detalhamento!C18 -> 1 | C8: =Detalhamento!D18 -> 12
A10: TOTAL GERAL | B10: =SUM(B5:B8) -> 45.713617 | C10: =SUM(C5:C8) -> 548.56341
A13: ⚠ Fora desta estimativa
A14: O serviço externo report_agent (ui-agents.azurewebsites.net), que gera o briefing diário e o resumo semanal, tem custo desconhecido — não temos visibilidade de token/modelo usado por ele. Confirmar com o administrador desse serviço antes de considerar esta estimativa completa.

Sheet Premissas
A1: Premissas — Estimativa de Custo do Projeto (Kinea Infra)
A2: Todas as células amarelas são estimativas editáveis — atualize com dado de uso real assim que disponível (ex.: consumo real do Databricks, contagem real de tokens da Azure OpenAI).
A4: Premissa | B4: Valor | C4: Unidade | D4: Observação / Fonte
A5: Databricks — Compute (cluster "desafio")
A6: Horas de execução do cluster por dia útil | B6: 3 | C6: horas/dia | D6: Estimativa — soma de todos os dispatchers + Processa Daily, rodando sequencial/paralelo
A7: DBUs consumidos por hora (tamanho do cluster) | B7: 4 | C7: DBU/hora | D7: Estimativa — cluster de porte médio (ex.: Standard_DS3_v2, poucos workers)
A8: Preço por DBU (Jobs Compute, tier Standard) | B8: 0.15 | C8: USD/DBU | D8: Preço público de lista Azure Databricks (Jobs Compute) — confirmar tier/desconto contratado da Kinea
A9: Dias úteis de operação por mês | B9: 21 | C9: dias/mês | D9: Padrão (dispatchers rodam diário, incl. fins de semana em alguns casos — ajustar se necessário)
A11: Azure OpenAI — Pipeline de NLP formal (amostra JSON)
A12: Notícias processadas por execução da amostra | B12: 120 | C12: notícias | D12: Igual ao TAMANHO_AMOSTRA em montar_amostra_json_formal.py
A13: Execuções da amostra por mês | B13: 4 | C13: execuções/mês | D13: Estimativa — depende da cadência que o time decidir rodar (ex.: semanal)
A14: Chamadas de LLM por notícia (sentimento + tags + extração de riscos) | B14: 3 | C14: chamadas/notícia | D14: 3 chamadas em chamar_llm() por notícia: avaliar_sentimento_credor, classificar_tags, extrair_riscos_credito
A15: Tokens de entrada por chamada (média) | B15: 1400 | C15: tokens | D15: Estimativa — prompt de sistema + até 4000 caracteres de artigo truncado (~1000 tokens)
A16: Tokens de saída por chamada (média) | B16: 150 | C16: tokens | D16: Estimativa — resposta é JSON curto (classificação, não texto longo)
A17: Preço tokens de entrada (GPT-3.5-turbo-16k, Azure) | B17: 0.003 | C17: USD/1K tokens | D17: Preço público de lista Azure OpenAI — confirmar modelo/deployment real usado (LLM_ENGINE em chamar_llm.py)
A18: Preço tokens de saída (GPT-3.5-turbo-16k, Azure) | B18: 0.004 | C18: USD/1K tokens | D18: Preço público de lista Azure OpenAI
A20: Armazenamento (Unity Catalog Volume / Blob Storage)
A21: Volume de dados brutos ingeridos por dia (texto + metadado) | B21: 3 | C21: MB/dia | D21: Estimativa — baseado no volume observado de documentos/dia nos logs de execução
A22: Preço de armazenamento (Hot tier) | B22: 0.0184 | C22: USD/GB/mês | D22: Preço público de lista Azure Blob Storage, Hot tier, LRS
A24: Serviço externo de orquestração (report_agent)
A25: Custo do briefing diário + resumo semanal (via ui-agents.azurewebsites.net): DESCONHECIDO. Esse serviço é administrado fora do nosso escopo direto — provavelmente já roda dentro de uma conta Azure OpenAI da própria Kinea (a mesma usada em outros projetos do workspace, ver pasta "templates"), e não temos visibilidade de token/custo por chamada nem confirmação de qual modelo ele usa internamente. Recomenda-se confirmar com quem administra esse serviço antes de finalizar a estimativa total do projeto.

Sheet Detalhamento
A1: Detalhamento de Custo Mensal por Categoria
A3: Item | B3: Cálculo | C3: Custo Mensal (USD) | D3: Custo Anual (USD)
A4: Databricks Compute
A5: Cluster "desafio" (Jobs Compute) | B5: Horas/dia × DBU/hora × Preço/DBU × Dias úteis/mês | C5: =Premissas!B6*Premissas!B7*Premissas!B8*Premissas!B9 -> 37.8 | D5: =C5*12 -> 453.6
A6: Subtotal — Databricks Compute | C6: =SUM(C5:C5) -> 37.8 | D6: =SUM(D5:D5) -> 453.6
A8: Azure OpenAI — Pipeline de NLP formal
A9: Tokens de entrada | B9: Notícias × Exec./mês × Chamadas × Tokens ent. ÷1000 × Preço | C9: =Premissas!B12*Premissas!B13*Premissas!B14*Premissas!B15/1000*Premissas!B17 -> 6.048 | D9: =C9*12 -> 72.576
A10: Tokens de saída | B10: Notícias × Exec./mês × Chamadas × Tokens saída ÷1000 × Preço | C10: =Premissas!B12*Premissas!B13*Premissas!B14*Premissas!B16/1000*Premissas!B18 -> 0.864 | D10: =C10*12 -> 10.368
A11: Subtotal — Azure OpenAI (NLP formal) | C11: =SUM(C9:C10) -> 6.912 | D11: =SUM(D9:D10) -> 82.944
A13: Armazenamento
A14: Unity Catalog Volume / Blob Storage | B14: MB/dia × 30 ÷ 1024 × Preço/GB/mês | C14: =Premissas!B21*30/1024*Premissas!B22 -> 0.0016171875 | D14: =C14*12 -> 0.01940625
A15: Subtotal — Armazenamento | C15: =SUM(C14:C14) -> 0.0016171875 | D15: =SUM(D14:D14) -> 0.01940625
A17: Outros (Key Vault, Egress) — imateriais
A18: Azure Key Vault (operações de secret) + egress de rede | B18: Estimativa fixa — volume de operações é baixo neste projeto | C18: 1 | D18: =C18*12 -> 12
A20: TOTAL GERAL (excl. report_agent — custo desconhecido) | C20: =C6+C11+C15+C18 -> 45.713617 | D20: =D6+D11+D15+D18 -> 548.56341
A22: Nota: o total acima NÃO inclui o custo do serviço externo report_agent (briefing diário + resumo semanal), cujo consumo de tokens não é visível para este projeto — ver aba Premissas.
